date,request_count,location,cloud_run_name,environment,folder,project_id
2025-02-07,77,eu-east-5,cloud_run_201,prod,folder_3,project_31
2025-02-09,734,eu-east-5,cloud_run_159,sandbox,folder_1,project_34
2025-02-02,828,eu-east-5,cloud_run_25,uat,folder_2,project_7
2025-01-25,573,eu-east-5,cloud_run_192,dev,folder_3,project_30
2025-01-11,663,eu-east-5,cloud_run_161,prod,folder_3,project_22
2025-01-30,848,eu-west-3,cloud_run_245,qa,folder_8,project_26
2025-02-01,620,eu-south-4,cloud_run_3,dev,folder_4,project_4
2025-02-08,685,eu-east-5,cloud_run_242,dev,folder_7,project_38
2025-01-24,564,eu-south-4,cloud_run_105,qa,folder_5,project_6
2025-01-16,652,eu-east-5,cloud_run_92,qa,folder_3,project_8
2025-02-10,423,eu-east-5,cloud_run_228,uat,folder_7,project_38
2025-01-21,79,eu-east-5,cloud_run_176,sandbox,folder_6,project_5
2025-01-26,663,eu-west-3,cloud_run_136,dev,folder_6,project_28
2025-02-07,431,eu-west-3,cloud_run_133,dev,folder_5,project_8
2025-01-23,153,eu-west-3,cloud_run_85,sandbox,folder_3,project_10
2025-02-08,395,eu-east-5,cloud_run_78,sandbox,folder_1,project_36
2025-01-27,436,eu-east-5,cloud_run_19,qa,folder_5,project_33
2025-01-18,487,eu-west-3,cloud_run_61,prod,folder_5,project_29
2025-02-07,722,eu-south-4,cloud_run_91,dev,folder_6,project_29
2025-01-19,788,eu-east-5,cloud_run_110,prod,folder_2,project_12
2025-02-04,97,eu-east-5,cloud_run_74,prod,folder_8,project_6
2025-01-19,125,eu-west-3,cloud_run_165,dev,folder_9,project_9
2025-02-02,460,eu-east-5,cloud_run_205,dev,folder_4,project_31
2025-02-05,175,eu-west-3,cloud_run_198,qa,folder_7,project_26
2025-01-17,139,eu-east-5,cloud_run_175,prod,folder_8,project_9
2025-01-13,543,eu-south-4,cloud_run_157,dev,folder_4,project_14
2025-01-11,765,eu-south-4,cloud_run_148,uat,folder_6,project_24
2025-01-24,455,eu-west-3,cloud_run_168,prod,folder_1,project_17
2025-01-22,756,eu-west-3,cloud_run_11,sandbox,folder_1,project_40
2025-01-24,783,eu-east-5,cloud_run_84,dev,folder_6,project_35
2025-01-13,334,eu-east-5,cloud_run_201,uat,folder_5,project_7
2025-01-24,689,eu-west-3,cloud_run_161,sandbox,folder_1,project_22
2025-02-01,912,eu-east-5,cloud_run_185,sandbox,folder_2,project_19
2025-01-18,725,eu-east-5,cloud_run_104,qa,folder_7,project_38
2025-01-30,31,eu-east-5,cloud_run_44,uat,folder_6,project_4
2025-02-04,687,eu-east-5,cloud_run_189,dev,folder_1,project_24
2025-01-27,352,eu-west-3,cloud_run_37,sandbox,folder_8,project_31
2025-01-12,378,eu-south-4,cloud_run_86,dev,folder_4,project_31
2025-01-26,299,eu-west-3,cloud_run_4,sandbox,folder_2,project_9
2025-02-10,423,eu-east-5,cloud_run_13,dev,folder_8,project_35
2025-01-15,547,eu-west-3,cloud_run_230,prod,folder_6,project_31
2025-01-22,363,eu-south-4,cloud_run_27,qa,folder_6,project_4
2025-01-25,744,eu-west-3,cloud_run_51,sandbox,folder_8,project_19
2025-01-14,682,eu-south-4,cloud_run_152,dev,folder_9,project_37
2025-01-14,419,eu-east-5,cloud_run_9,qa,folder_3,project_25
2025-02-07,59,eu-east-5,cloud_run_206,prod,folder_2,project_35
2025-02-10,154,eu-east-5,cloud_run_26,prod,folder_3,project_2
2025-01-13,763,eu-east-5,cloud_run_73,sandbox,folder_4,project_34
2025-02-03,856,eu-south-4,cloud_run_206,prod,folder_7,project_12
2025-01-23,290,eu-south-4,cloud_run_107,prod,folder_2,project_15
2025-01-23,785,eu-west-3,cloud_run_63,dev,folder_3,project_29
2025-01-12,176,eu-east-5,cloud_run_210,prod,folder_7,project_23
2025-02-02,381,eu-west-3,cloud_run_45,dev,folder_6,project_10
2025-01-21,810,eu-east-5,cloud_run_202,sandbox,folder_3,project_12
2025-02-04,970,eu-west-3,cloud_run_158,prod,folder_9,project_6
2025-01-22,875,eu-east-5,cloud_run_92,dev,folder_7,project_9
2025-02-06,330,eu-south-4,cloud_run_105,prod,folder_8,project_26
2025-02-01,36,eu-east-5,cloud_run_228,sandbox,folder_8,project_10
2025-01-11,35,eu-west-3,cloud_run_89,sandbox,folder_5,project_19
2025-01-12,542,eu-west-3,cloud_run_62,uat,folder_6,project_37
2025-02-10,565,eu-east-5,cloud_run_97,qa,folder_3,project_9
2025-02-09,619,eu-east-5,cloud_run_244,qa,folder_9,project_5
2025-02-03,321,eu-west-3,cloud_run_97,uat,folder_5,project_17
2025-01-20,399,eu-east-5,cloud_run_207,prod,folder_2,project_2
2025-01-30,305,eu-west-3,cloud_run_211,qa,folder_7,project_12
2025-01-11,945,eu-south-4,cloud_run_35,prod,folder_9,project_39
2025-01-23,818,eu-south-4,cloud_run_30,sandbox,folder_3,project_28
2025-01-12,112,eu-south-4,cloud_run_171,sandbox,folder_3,project_34
2025-01-30,609,eu-east-5,cloud_run_110,qa,folder_3,project_3
2025-02-08,673,eu-west-3,cloud_run_41,prod,folder_7,project_26
2025-01-16,903,eu-south-4,cloud_run_199,sandbox,folder_9,project_24
2025-01-28,583,eu-west-3,cloud_run_119,dev,folder_8,project_26
2025-02-04,248,eu-south-4,cloud_run_191,prod,folder_9,project_22
2025-01-19,665,eu-east-5,cloud_run_247,qa,folder_3,project_14
2025-01-15,214,eu-east-5,cloud_run_116,qa,folder_7,project_9
2025-01-23,657,eu-east-5,cloud_run_34,uat,folder_3,project_17
2025-02-03,471,eu-east-5,cloud_run_33,sandbox,folder_1,project_23
2025-01-17,125,eu-south-4,cloud_run_114,qa,folder_4,project_25
2025-01-29,145,eu-west-3,cloud_run_170,sandbox,folder_5,project_37
2025-01-27,587,eu-east-5,cloud_run_119,dev,folder_2,project_31
2025-01-31,807,eu-south-4,cloud_run_30,prod,folder_9,project_32
2025-01-13,757,eu-east-5,cloud_run_110,prod,folder_1,project_10
2025-01-31,531,eu-south-4,cloud_run_58,qa,folder_6,project_18
2025-01-13,311,eu-east-5,cloud_run_228,prod,folder_4,project_40
2025-01-28,626,eu-south-4,cloud_run_50,sandbox,folder_2,project_13
2025-01-26,570,eu-south-4,cloud_run_139,sandbox,folder_6,project_3
2025-01-19,589,eu-south-4,cloud_run_8,qa,folder_1,project_24
2025-01-30,489,eu-south-4,cloud_run_88,uat,folder_8,project_24
2025-01-30,977,eu-south-4,cloud_run_73,uat,folder_7,project_5
2025-01-12,721,eu-south-4,cloud_run_210,uat,folder_1,project_15
2025-02-03,488,eu-south-4,cloud_run_213,qa,folder_2,project_32
2025-02-10,948,eu-west-3,cloud_run_206,uat,folder_5,project_12
2025-01-23,81,eu-east-5,cloud_run_235,qa,folder_9,project_33
2025-01-11,251,eu-east-5,cloud_run_147,dev,folder_4,project_6
2025-01-14,135,eu-west-3,cloud_run_193,sandbox,folder_7,project_15
2025-01-24,874,eu-south-4,cloud_run_100,dev,folder_7,project_38
2025-01-21,535,eu-west-3,cloud_run_248,qa,folder_2,project_24
2025-02-06,755,eu-west-3,cloud_run_163,sandbox,folder_9,project_36
2025-01-16,406,eu-south-4,cloud_run_185,prod,folder_7,project_11
2025-01-22,661,eu-west-3,cloud_run_27,prod,folder_2,project_23
2025-01-20,400,eu-east-5,cloud_run_75,prod,folder_8,project_22
2025-01-12,833,eu-east-5,cloud_run_19,sandbox,folder_3,project_36
2025-02-08,114,eu-south-4,cloud_run_226,sandbox,folder_9,project_16
2025-02-06,687,eu-west-3,cloud_run_209,uat,folder_2,project_26
2025-01-23,880,eu-west-3,cloud_run_11,prod,folder_3,project_20
2025-02-08,25,eu-east-5,cloud_run_66,prod,folder_9,project_26
2025-02-07,687,eu-south-4,cloud_run_53,uat,folder_6,project_9
2025-01-23,913,eu-west-3,cloud_run_244,dev,folder_5,project_33
2025-01-28,528,eu-west-3,cloud_run_254,qa,folder_9,project_33
2025-02-09,680,eu-west-3,cloud_run_130,qa,folder_6,project_17
2025-02-04,399,eu-east-5,cloud_run_7,uat,folder_4,project_27
2025-01-17,788,eu-east-5,cloud_run_94,sandbox,folder_1,project_31
2025-01-26,398,eu-east-5,cloud_run_191,uat,folder_3,project_16
2025-01-20,149,eu-west-3,cloud_run_120,sandbox,folder_5,project_6
2025-01-27,943,eu-south-4,cloud_run_184,qa,folder_9,project_13
2025-01-26,755,eu-west-3,cloud_run_173,uat,folder_3,project_22
2025-01-26,403,eu-south-4,cloud_run_227,prod,folder_6,project_5
2025-01-25,871,eu-east-5,cloud_run_75,prod,folder_5,project_24
2025-01-26,596,eu-east-5,cloud_run_156,sandbox,folder_1,project_31
2025-01-27,72,eu-west-3,cloud_run_226,prod,folder_5,project_24
2025-01-27,272,eu-east-5,cloud_run_141,sandbox,folder_8,project_4
2025-02-02,501,eu-east-5,cloud_run_181,qa,folder_5,project_9
2025-01-28,675,eu-west-3,cloud_run_220,qa,folder_6,project_6
2025-01-12,922,eu-west-3,cloud_run_49,sandbox,folder_7,project_4
2025-02-03,670,eu-west-3,cloud_run_149,prod,folder_6,project_29
2025-01-21,386,eu-east-5,cloud_run_186,qa,folder_7,project_15
2025-02-06,997,eu-south-4,cloud_run_87,prod,folder_3,project_31
2025-02-03,907,eu-south-4,cloud_run_138,sandbox,folder_3,project_8
2025-01-19,282,eu-south-4,cloud_run_113,sandbox,folder_5,project_8
2025-01-21,782,eu-south-4,cloud_run_78,dev,folder_1,project_1
2025-01-23,257,eu-east-5,cloud_run_160,uat,folder_7,project_30
2025-01-15,826,eu-east-5,cloud_run_200,sandbox,folder_1,project_38
2025-01-17,997,eu-east-5,cloud_run_217,dev,folder_5,project_18
2025-02-01,943,eu-south-4,cloud_run_99,prod,folder_8,project_5
2025-01-28,485,eu-east-5,cloud_run_171,sandbox,folder_4,project_3
2025-01-17,900,eu-east-5,cloud_run_125,sandbox,folder_1,project_15
2025-02-08,599,eu-south-4,cloud_run_240,sandbox,folder_1,project_14
2025-01-22,994,eu-west-3,cloud_run_53,sandbox,folder_1,project_19
2025-01-26,210,eu-south-4,cloud_run_68,sandbox,folder_3,project_40
2025-01-13,864,eu-south-4,cloud_run_157,uat,folder_2,project_5
2025-01-17,373,eu-south-4,cloud_run_64,prod,folder_4,project_15
2025-02-09,112,eu-east-5,cloud_run_158,dev,folder_9,project_12
2025-02-03,783,eu-west-3,cloud_run_197,sandbox,folder_1,project_36
2025-02-01,822,eu-south-4,cloud_run_188,qa,folder_9,project_27
2025-01-23,12,eu-south-4,cloud_run_127,qa,folder_1,project_20
2025-02-01,908,eu-east-5,cloud_run_116,uat,folder_4,project_18
2025-02-03,981,eu-west-3,cloud_run_171,prod,folder_6,project_9
2025-02-06,134,eu-south-4,cloud_run_170,uat,folder_4,project_21
2025-01-13,346,eu-south-4,cloud_run_48,uat,folder_6,project_8
2025-01-25,141,eu-south-4,cloud_run_195,dev,folder_4,project_20
2025-01-14,505,eu-south-4,cloud_run_71,uat,folder_1,project_9
2025-02-10,702,eu-east-5,cloud_run_34,prod,folder_7,project_35
2025-01-14,80,eu-south-4,cloud_run_37,dev,folder_5,project_5
2025-02-03,570,eu-south-4,cloud_run_170,uat,folder_3,project_22
2025-01-28,758,eu-west-3,cloud_run_194,qa,folder_7,project_27
2025-02-10,42,eu-east-5,cloud_run_45,sandbox,folder_7,project_16
2025-01-23,597,eu-south-4,cloud_run_158,prod,folder_4,project_33
2025-02-08,953,eu-west-3,cloud_run_62,dev,folder_7,project_12
2025-01-20,726,eu-east-5,cloud_run_53,uat,folder_3,project_36
2025-01-23,769,eu-west-3,cloud_run_52,sandbox,folder_1,project_17
2025-01-30,152,eu-south-4,cloud_run_202,qa,folder_7,project_9
2025-01-18,504,eu-east-5,cloud_run_190,dev,folder_7,project_3
2025-01-21,580,eu-south-4,cloud_run_121,uat,folder_3,project_31
2025-02-09,42,eu-east-5,cloud_run_184,qa,folder_9,project_16
2025-02-01,470,eu-east-5,cloud_run_7,prod,folder_3,project_17
2025-01-22,49,eu-south-4,cloud_run_227,qa,folder_8,project_10
2025-01-19,353,eu-south-4,cloud_run_161,qa,folder_7,project_13
2025-01-22,230,eu-south-4,cloud_run_226,uat,folder_2,project_16
2025-01-17,710,eu-east-5,cloud_run_173,uat,folder_6,project_6
2025-01-13,37,eu-south-4,cloud_run_5,uat,folder_4,project_16
2025-01-14,35,eu-south-4,cloud_run_99,dev,folder_1,project_7
2025-01-27,384,eu-east-5,cloud_run_231,uat,folder_8,project_32
2025-01-16,466,eu-east-5,cloud_run_204,dev,folder_2,project_1
2025-02-05,255,eu-south-4,cloud_run_134,qa,folder_5,project_16
2025-02-04,420,eu-south-4,cloud_run_252,sandbox,folder_9,project_36
2025-02-08,986,eu-south-4,cloud_run_124,prod,folder_9,project_34
2025-02-07,517,eu-south-4,cloud_run_134,qa,folder_4,project_28
2025-01-13,475,eu-west-3,cloud_run_145,uat,folder_5,project_25
2025-01-14,58,eu-west-3,cloud_run_168,dev,folder_9,project_39
2025-02-02,450,eu-west-3,cloud_run_30,prod,folder_2,project_23
2025-01-28,739,eu-west-3,cloud_run_54,sandbox,folder_4,project_6
2025-01-16,394,eu-south-4,cloud_run_144,dev,folder_5,project_35
2025-01-29,798,eu-south-4,cloud_run_4,dev,folder_6,project_22
2025-01-31,429,eu-west-3,cloud_run_156,sandbox,folder_5,project_39
2025-01-30,50,eu-south-4,cloud_run_59,dev,folder_2,project_15
2025-01-25,667,eu-west-3,cloud_run_143,sandbox,folder_4,project_3
2025-01-20,145,eu-east-5,cloud_run_141,sandbox,folder_1,project_4
2025-02-02,374,eu-west-3,cloud_run_59,sandbox,folder_9,project_35
2025-01-22,23,eu-south-4,cloud_run_98,prod,folder_3,project_22
2025-01-30,191,eu-west-3,cloud_run_122,prod,folder_7,project_3
2025-01-15,948,eu-south-4,cloud_run_197,uat,folder_2,project_23
2025-01-19,250,eu-west-3,cloud_run_245,qa,folder_1,project_19
2025-01-28,625,eu-east-5,cloud_run_28,dev,folder_7,project_21
2025-02-09,515,eu-east-5,cloud_run_116,prod,folder_3,project_8
2025-02-07,343,eu-west-3,cloud_run_106,dev,folder_2,project_37
2025-01-16,764,eu-east-5,cloud_run_203,qa,folder_6,project_30
2025-01-12,249,eu-east-5,cloud_run_12,qa,folder_6,project_24
2025-01-30,729,eu-east-5,cloud_run_45,uat,folder_9,project_7
2025-01-13,216,eu-east-5,cloud_run_143,dev,folder_2,project_8
2025-02-09,772,eu-west-3,cloud_run_126,qa,folder_2,project_4
2025-02-03,100,eu-east-5,cloud_run_50,sandbox,folder_1,project_7
2025-01-14,145,eu-south-4,cloud_run_78,prod,folder_5,project_31
2025-01-21,209,eu-south-4,cloud_run_26,prod,folder_7,project_27
2025-01-22,488,eu-east-5,cloud_run_72,uat,folder_2,project_33
2025-02-03,912,eu-east-5,cloud_run_188,uat,folder_1,project_19
2025-01-20,936,eu-south-4,cloud_run_207,uat,folder_8,project_7
2025-01-23,457,eu-east-5,cloud_run_253,uat,folder_2,project_7
2025-02-10,523,eu-south-4,cloud_run_103,prod,folder_4,project_5
2025-02-04,39,eu-south-4,cloud_run_214,dev,folder_4,project_16
2025-01-25,1000,eu-east-5,cloud_run_148,sandbox,folder_5,project_28
2025-01-15,784,eu-west-3,cloud_run_146,sandbox,folder_9,project_6
2025-01-26,223,eu-east-5,cloud_run_179,uat,folder_9,project_15
2025-01-15,745,eu-west-3,cloud_run_147,qa,folder_9,project_40
2025-01-20,700,eu-west-3,cloud_run_178,sandbox,folder_9,project_27
2025-01-25,845,eu-east-5,cloud_run_103,uat,folder_9,project_16
2025-01-22,300,eu-west-3,cloud_run_149,uat,folder_7,project_6
2025-01-26,360,eu-west-3,cloud_run_50,prod,folder_1,project_35
2025-01-14,953,eu-west-3,cloud_run_222,dev,folder_1,project_11
2025-02-10,833,eu-east-5,cloud_run_216,qa,folder_8,project_40
2025-02-04,72,eu-east-5,cloud_run_39,dev,folder_7,project_34
2025-01-24,173,eu-west-3,cloud_run_114,uat,folder_5,project_20
2025-01-31,984,eu-east-5,cloud_run_86,sandbox,folder_1,project_10
2025-01-20,993,eu-west-3,cloud_run_86,qa,folder_6,project_10
2025-01-25,251,eu-east-5,cloud_run_104,qa,folder_9,project_13
2025-02-04,226,eu-east-5,cloud_run_130,dev,folder_2,project_21
2025-01-16,529,eu-west-3,cloud_run_132,uat,folder_4,project_32
2025-01-29,363,eu-west-3,cloud_run_107,uat,folder_8,project_14
2025-01-14,277,eu-east-5,cloud_run_187,sandbox,folder_8,project_38
2025-02-06,240,eu-south-4,cloud_run_43,uat,folder_5,project_3
2025-01-12,529,eu-east-5,cloud_run_108,qa,folder_7,project_11
2025-01-19,600,eu-south-4,cloud_run_196,prod,folder_2,project_20
2025-01-18,694,eu-south-4,cloud_run_96,prod,folder_8,project_18
2025-01-25,802,eu-west-3,cloud_run_143,sandbox,folder_1,project_29
2025-01-26,15,eu-south-4,cloud_run_10,qa,folder_4,project_14
2025-01-11,299,eu-east-5,cloud_run_247,dev,folder_5,project_33
2025-01-27,171,eu-east-5,cloud_run_60,prod,folder_5,project_34
2025-01-30,254,eu-south-4,cloud_run_198,dev,folder_7,project_34
2025-01-22,846,eu-west-3,cloud_run_67,qa,folder_8,project_1
2025-01-17,895,eu-south-4,cloud_run_208,uat,folder_8,project_22
2025-02-03,943,eu-east-5,cloud_run_88,sandbox,folder_9,project_12
2025-01-29,295,eu-east-5,cloud_run_51,prod,folder_4,project_5
2025-01-17,213,eu-east-5,cloud_run_254,dev,folder_1,project_37
2025-01-28,180,eu-south-4,cloud_run_146,prod,folder_1,project_15
2025-02-08,725,eu-west-3,cloud_run_63,uat,folder_2,project_11
2025-01-13,276,eu-south-4,cloud_run_88,prod,folder_5,project_32
2025-01-22,561,eu-west-3,cloud_run_192,prod,folder_7,project_11
2025-01-22,578,eu-east-5,cloud_run_105,sandbox,folder_3,project_33
2025-02-02,698,eu-east-5,cloud_run_163,prod,folder_7,project_12
2025-01-16,999,eu-south-4,cloud_run_186,dev,folder_5,project_28
2025-02-09,809,eu-east-5,cloud_run_162,prod,folder_6,project_13
2025-01-11,185,eu-east-5,cloud_run_112,prod,folder_5,project_14
2025-01-13,453,eu-west-3,cloud_run_103,prod,folder_4,project_28
2025-01-25,470,eu-south-4,cloud_run_43,qa,folder_8,project_4
2025-01-23,390,eu-south-4,cloud_run_240,qa,folder_6,project_3
2025-02-01,439,eu-west-3,cloud_run_226,prod,folder_5,project_4
2025-01-16,850,eu-east-5,cloud_run_155,uat,folder_7,project_14
2025-01-26,913,eu-south-4,cloud_run_16,prod,folder_2,project_31
2025-01-12,44,eu-south-4,cloud_run_188,prod,folder_6,project_20
2025-01-11,175,eu-west-3,cloud_run_135,dev,folder_8,project_37
2025-01-19,653,eu-south-4,cloud_run_144,sandbox,folder_8,project_7
2025-02-01,244,eu-south-4,cloud_run_74,prod,folder_4,project_39
2025-02-06,105,eu-west-3,cloud_run_150,qa,folder_3,project_22
2025-01-24,664,eu-east-5,cloud_run_99,prod,folder_1,project_38
2025-01-12,399,eu-west-3,cloud_run_172,sandbox,folder_1,project_27
2025-01-25,536,eu-west-3,cloud_run_119,uat,folder_6,project_37
2025-02-07,849,eu-south-4,cloud_run_29,dev,folder_3,project_40
2025-02-04,155,eu-west-3,cloud_run_79,uat,folder_6,project_17
2025-01-28,977,eu-east-5,cloud_run_190,dev,folder_4,project_33
2025-01-25,994,eu-east-5,cloud_run_49,uat,folder_6,project_3
2025-01-13,855,eu-east-5,cloud_run_55,prod,folder_7,project_30
2025-01-12,765,eu-south-4,cloud_run_47,uat,folder_1,project_12
2025-01-21,624,eu-south-4,cloud_run_238,qa,folder_2,project_34
2025-01-31,233,eu-east-5,cloud_run_3,uat,folder_8,project_36
2025-02-01,892,eu-east-5,cloud_run_77,sandbox,folder_8,project_26
2025-01-12,884,eu-west-3,cloud_run_59,dev,folder_1,project_36
2025-01-19,500,eu-east-5,cloud_run_65,dev,folder_9,project_32
2025-02-01,728,eu-south-4,cloud_run_166,prod,folder_7,project_24
2025-01-13,104,eu-south-4,cloud_run_60,prod,folder_5,project_21
2025-02-07,180,eu-east-5,cloud_run_53,qa,folder_9,project_29
2025-02-01,980,eu-south-4,cloud_run_247,prod,folder_1,project_18
2025-01-29,765,eu-south-4,cloud_run_68,sandbox,folder_2,project_6
2025-01-19,378,eu-south-4,cloud_run_206,prod,folder_8,project_7
2025-01-22,83,eu-west-3,cloud_run_117,sandbox,folder_8,project_9
2025-01-22,793,eu-east-5,cloud_run_134,prod,folder_7,project_39
2025-02-04,454,eu-south-4,cloud_run_219,prod,folder_2,project_11
2025-01-18,277,eu-east-5,cloud_run_222,prod,folder_7,project_10
2025-02-02,656,eu-south-4,cloud_run_127,uat,folder_4,project_29
2025-02-05,72,eu-west-3,cloud_run_26,sandbox,folder_9,project_22
2025-01-12,224,eu-east-5,cloud_run_83,prod,folder_6,project_35
2025-02-01,337,eu-west-3,cloud_run_130,sandbox,folder_2,project_20
2025-02-06,215,eu-south-4,cloud_run_47,dev,folder_4,project_27
2025-01-15,20,eu-west-3,cloud_run_211,dev,folder_3,project_33
2025-02-09,516,eu-east-5,cloud_run_33,uat,folder_6,project_18
2025-01-29,25,eu-east-5,cloud_run_221,sandbox,folder_4,project_8
2025-02-10,631,eu-west-3,cloud_run_101,dev,folder_7,project_32
2025-01-21,285,eu-west-3,cloud_run_15,dev,folder_2,project_24
2025-01-11,468,eu-south-4,cloud_run_164,dev,folder_5,project_22
2025-02-01,210,eu-east-5,cloud_run_253,prod,folder_7,project_35
2025-01-15,647,eu-west-3,cloud_run_142,dev,folder_2,project_32
2025-01-24,104,eu-west-3,cloud_run_58,qa,folder_1,project_7
2025-02-04,450,eu-west-3,cloud_run_117,qa,folder_8,project_1
2025-01-15,1000,eu-south-4,cloud_run_12,dev,folder_3,project_7
2025-01-29,16,eu-east-5,cloud_run_137,sandbox,folder_5,project_4
2025-01-21,770,eu-south-4,cloud_run_244,qa,folder_4,project_19
2025-02-09,59,eu-east-5,cloud_run_38,prod,folder_2,project_8
2025-02-03,990,eu-south-4,cloud_run_67,dev,folder_5,project_21
2025-02-06,877,eu-south-4,cloud_run_52,qa,folder_7,project_40
2025-02-09,902,eu-west-3,cloud_run_174,qa,folder_4,project_14
2025-01-21,744,eu-west-3,cloud_run_70,uat,folder_1,project_1
2025-01-13,695,eu-south-4,cloud_run_40,sandbox,folder_7,project_14
2025-02-02,282,eu-east-5,cloud_run_129,sandbox,folder_3,project_6
2025-02-06,913,eu-east-5,cloud_run_213,sandbox,folder_9,project_4
2025-02-03,551,eu-south-4,cloud_run_253,prod,folder_6,project_6
2025-02-01,223,eu-west-3,cloud_run_67,dev,folder_1,project_35
2025-01-17,826,eu-south-4,cloud_run_45,prod,folder_8,project_33
2025-02-03,643,eu-west-3,cloud_run_119,sandbox,folder_4,project_39
2025-01-21,620,eu-east-5,cloud_run_186,qa,folder_1,project_25
2025-01-27,249,eu-west-3,cloud_run_149,qa,folder_9,project_23
2025-02-01,993,eu-south-4,cloud_run_109,qa,folder_9,project_38
2025-01-30,734,eu-south-4,cloud_run_104,sandbox,folder_6,project_26
2025-01-26,991,eu-west-3,cloud_run_197,prod,folder_9,project_32
2025-02-06,482,eu-east-5,cloud_run_127,sandbox,folder_7,project_29
2025-01-16,482,eu-west-3,cloud_run_95,uat,folder_1,project_5
2025-01-13,962,eu-east-5,cloud_run_107,uat,folder_2,project_16
2025-01-19,647,eu-south-4,cloud_run_49,qa,folder_5,project_10
2025-02-03,884,eu-south-4,cloud_run_83,dev,folder_7,project_22
2025-01-23,658,eu-west-3,cloud_run_251,prod,folder_9,project_13
2025-01-25,33,eu-east-5,cloud_run_121,qa,folder_2,project_17
2025-02-02,556,eu-west-3,cloud_run_126,sandbox,folder_2,project_37
2025-01-24,645,eu-east-5,cloud_run_30,uat,folder_4,project_14
2025-01-20,547,eu-south-4,cloud_run_49,qa,folder_5,project_40
2025-02-08,311,eu-east-5,cloud_run_38,dev,folder_7,project_9
2025-01-28,387,eu-east-5,cloud_run_71,prod,folder_1,project_15
2025-01-29,34,eu-west-3,cloud_run_185,dev,folder_4,project_30
2025-02-04,397,eu-south-4,cloud_run_95,dev,folder_9,project_7
2025-01-14,664,eu-south-4,cloud_run_34,dev,folder_1,project_8
2025-02-06,888,eu-west-3,cloud_run_229,prod,folder_2,project_16
2025-02-01,312,eu-east-5,cloud_run_81,sandbox,folder_4,project_36
2025-01-21,429,eu-west-3,cloud_run_42,prod,folder_9,project_19
2025-01-28,416,eu-west-3,cloud_run_88,sandbox,folder_2,project_27
2025-02-04,42,eu-south-4,cloud_run_120,qa,folder_1,project_16
2025-01-20,447,eu-west-3,cloud_run_113,sandbox,folder_2,project_31
2025-02-07,854,eu-west-3,cloud_run_5,qa,folder_8,project_3
2025-02-04,387,eu-south-4,cloud_run_172,sandbox,folder_9,project_4
2025-02-02,247,eu-south-4,cloud_run_85,qa,folder_5,project_1
2025-01-24,710,eu-east-5,cloud_run_105,dev,folder_2,project_13
2025-01-12,298,eu-west-3,cloud_run_23,uat,folder_4,project_6
2025-01-29,934,eu-west-3,cloud_run_157,dev,folder_2,project_7
2025-01-20,131,eu-west-3,cloud_run_34,dev,folder_7,project_22
2025-01-13,599,eu-west-3,cloud_run_160,prod,folder_1,project_1
2025-01-26,476,eu-east-5,cloud_run_77,dev,folder_9,project_40
2025-01-28,634,eu-west-3,cloud_run_123,qa,folder_7,project_18
2025-02-09,560,eu-south-4,cloud_run_82,uat,folder_1,project_10
2025-02-07,73,eu-west-3,cloud_run_138,prod,folder_5,project_13
2025-02-04,426,eu-east-5,cloud_run_224,sandbox,folder_1,project_1
2025-01-22,446,eu-west-3,cloud_run_91,prod,folder_2,project_21
2025-02-05,398,eu-south-4,cloud_run_178,qa,folder_8,project_4
2025-01-16,942,eu-south-4,cloud_run_28,uat,folder_9,project_1
2025-01-11,734,eu-east-5,cloud_run_109,sandbox,folder_2,project_2
2025-01-17,879,eu-west-3,cloud_run_56,qa,folder_6,project_37
2025-01-13,372,eu-south-4,cloud_run_157,sandbox,folder_6,project_25
2025-01-11,606,eu-east-5,cloud_run_8,qa,folder_9,project_27
2025-02-10,695,eu-south-4,cloud_run_59,qa,folder_7,project_24
2025-01-31,818,eu-east-5,cloud_run_162,prod,folder_8,project_12
2025-01-31,875,eu-east-5,cloud_run_43,qa,folder_2,project_2
2025-01-27,505,eu-east-5,cloud_run_230,dev,folder_7,project_28
2025-01-15,384,eu-east-5,cloud_run_135,dev,folder_5,project_24
2025-01-27,414,eu-south-4,cloud_run_114,sandbox,folder_7,project_7
2025-01-18,393,eu-south-4,cloud_run_214,uat,folder_2,project_2
2025-01-20,790,eu-west-3,cloud_run_43,prod,folder_2,project_23
2025-01-19,41,eu-east-5,cloud_run_242,sandbox,folder_2,project_39
2025-02-04,657,eu-south-4,cloud_run_210,qa,folder_9,project_40
2025-01-15,424,eu-south-4,cloud_run_208,dev,folder_8,project_17
2025-01-25,354,eu-west-3,cloud_run_177,prod,folder_7,project_25
2025-01-24,770,eu-south-4,cloud_run_241,uat,folder_2,project_28
2025-01-28,852,eu-south-4,cloud_run_109,prod,folder_2,project_29
2025-02-01,511,eu-west-3,cloud_run_30,sandbox,folder_9,project_36
2025-01-16,229,eu-south-4,cloud_run_129,qa,folder_1,project_8
2025-01-25,510,eu-east-5,cloud_run_1,uat,folder_9,project_18
2025-01-28,354,eu-east-5,cloud_run_188,sandbox,folder_6,project_39
2025-01-31,621,eu-east-5,cloud_run_159,uat,folder_7,project_26
2025-01-15,319,eu-west-3,cloud_run_4,dev,folder_4,project_40
2025-01-29,779,eu-west-3,cloud_run_252,sandbox,folder_7,project_25
2025-01-12,614,eu-west-3,cloud_run_219,uat,folder_6,project_12
2025-01-24,83,eu-west-3,cloud_run_162,qa,folder_2,project_26
2025-01-16,34,eu-south-4,cloud_run_77,sandbox,folder_7,project_39
2025-02-05,329,eu-west-3,cloud_run_241,prod,folder_4,project_1
2025-01-14,996,eu-south-4,cloud_run_234,uat,folder_1,project_2
2025-01-13,953,eu-west-3,cloud_run_86,dev,folder_7,project_30
2025-01-23,616,eu-west-3,cloud_run_33,sandbox,folder_3,project_35
2025-01-24,200,eu-south-4,cloud_run_243,prod,folder_4,project_23
2025-02-09,53,eu-east-5,cloud_run_209,qa,folder_7,project_4
2025-01-29,185,eu-west-3,cloud_run_125,uat,folder_5,project_2
2025-02-05,926,eu-south-4,cloud_run_191,uat,folder_1,project_8
2025-01-13,576,eu-east-5,cloud_run_167,uat,folder_7,project_2
2025-01-12,840,eu-south-4,cloud_run_119,prod,folder_7,project_13
2025-02-03,699,eu-east-5,cloud_run_221,prod,folder_2,project_33
2025-01-11,695,eu-east-5,cloud_run_179,sandbox,folder_3,project_8
2025-02-08,237,eu-west-3,cloud_run_53,dev,folder_1,project_39
2025-01-19,909,eu-west-3,cloud_run_96,dev,folder_3,project_21
2025-02-07,473,eu-east-5,cloud_run_143,sandbox,folder_3,project_20
2025-01-12,444,eu-west-3,cloud_run_238,qa,folder_4,project_36
2025-01-14,40,eu-west-3,cloud_run_166,sandbox,folder_4,project_35
2025-02-09,765,eu-east-5,cloud_run_132,dev,folder_5,project_16
2025-01-17,970,eu-west-3,cloud_run_61,dev,folder_5,project_39
2025-01-24,906,eu-west-3,cloud_run_180,prod,folder_4,project_29
2025-01-12,620,eu-south-4,cloud_run_7,sandbox,folder_9,project_39
2025-02-05,617,eu-east-5,cloud_run_87,dev,folder_6,project_36
2025-02-08,311,eu-south-4,cloud_run_82,qa,folder_2,project_37
2025-01-17,781,eu-west-3,cloud_run_221,prod,folder_5,project_34
2025-01-23,696,eu-east-5,cloud_run_24,prod,folder_2,project_8
2025-01-16,418,eu-south-4,cloud_run_120,qa,folder_7,project_33
2025-02-04,21,eu-south-4,cloud_run_133,prod,folder_4,project_28
2025-01-25,636,eu-east-5,cloud_run_196,uat,folder_6,project_36
2025-01-18,65,eu-west-3,cloud_run_140,qa,folder_7,project_4
2025-01-30,761,eu-east-5,cloud_run_158,prod,folder_3,project_29
2025-01-19,22,eu-west-3,cloud_run_32,qa,folder_1,project_5
2025-01-16,606,eu-east-5,cloud_run_19,qa,folder_5,project_37
2025-01-15,14,eu-west-3,cloud_run_22,uat,folder_7,project_26
2025-01-14,479,eu-south-4,cloud_run_103,dev,folder_2,project_36
2025-01-28,212,eu-south-4,cloud_run_180,dev,folder_4,project_37
2025-01-20,662,eu-east-5,cloud_run_1,sandbox,folder_6,project_34
2025-01-26,852,eu-west-3,cloud_run_159,uat,folder_7,project_27
2025-01-17,118,eu-east-5,cloud_run_74,uat,folder_9,project_34
2025-02-09,235,eu-south-4,cloud_run_131,sandbox,folder_6,project_7
2025-01-28,99,eu-west-3,cloud_run_30,sandbox,folder_2,project_2
2025-01-15,349,eu-west-3,cloud_run_130,prod,folder_9,project_15
2025-02-02,530,eu-east-5,cloud_run_22,qa,folder_2,project_40
2025-01-28,988,eu-west-3,cloud_run_150,uat,folder_9,project_8
2025-01-13,352,eu-south-4,cloud_run_166,qa,folder_2,project_24
2025-01-14,298,eu-south-4,cloud_run_167,sandbox,folder_5,project_15
2025-01-28,520,eu-west-3,cloud_run_50,prod,folder_5,project_1
2025-02-05,197,eu-east-5,cloud_run_238,qa,folder_6,project_22
2025-02-06,417,eu-east-5,cloud_run_93,prod,folder_2,project_11
2025-01-21,932,eu-west-3,cloud_run_175,sandbox,folder_5,project_14
2025-02-08,715,eu-west-3,cloud_run_74,dev,folder_5,project_31
2025-02-09,120,eu-east-5,cloud_run_65,qa,folder_7,project_12
2025-02-04,315,eu-east-5,cloud_run_200,dev,folder_3,project_24
2025-02-03,778,eu-east-5,cloud_run_232,qa,folder_2,project_18
2025-02-03,350,eu-south-4,cloud_run_180,sandbox,folder_4,project_12
2025-01-11,229,eu-west-3,cloud_run_34,uat,folder_2,project_12
2025-02-06,846,eu-east-5,cloud_run_19,sandbox,folder_8,project_1
2025-02-03,78,eu-south-4,cloud_run_102,sandbox,folder_9,project_37
2025-01-16,681,eu-south-4,cloud_run_80,prod,folder_1,project_25
2025-02-08,201,eu-east-5,cloud_run_35,uat,folder_1,project_40
2025-01-26,735,eu-east-5,cloud_run_67,prod,folder_1,project_28
2025-01-25,572,eu-west-3,cloud_run_32,qa,folder_6,project_14
2025-01-27,767,eu-east-5,cloud_run_219,uat,folder_4,project_37
2025-01-17,202,eu-west-3,cloud_run_247,prod,folder_3,project_4
2025-01-12,625,eu-west-3,cloud_run_91,uat,folder_5,project_27
2025-01-27,259,eu-south-4,cloud_run_141,uat,folder_5,project_31
2025-01-15,167,eu-west-3,cloud_run_195,uat,folder_4,project_29
2025-02-02,951,eu-east-5,cloud_run_241,prod,folder_9,project_26
2025-02-01,749,eu-west-3,cloud_run_29,prod,folder_4,project_30
2025-02-10,914,eu-west-3,cloud_run_221,dev,folder_3,project_22
2025-02-05,177,eu-west-3,cloud_run_124,prod,folder_4,project_37
2025-02-02,638,eu-west-3,cloud_run_244,dev,folder_5,project_35
2025-01-25,128,eu-south-4,cloud_run_230,qa,folder_7,project_11
2025-02-07,745,eu-west-3,cloud_run_50,dev,folder_6,project_16
2025-02-09,444,eu-west-3,cloud_run_41,uat,folder_3,project_27
2025-01-31,971,eu-west-3,cloud_run_107,prod,folder_2,project_3
2025-01-22,775,eu-south-4,cloud_run_114,sandbox,folder_5,project_39
2025-01-20,80,eu-east-5,cloud_run_166,uat,folder_1,project_34
2025-01-25,928,eu-south-4,cloud_run_119,prod,folder_7,project_9
2025-01-11,733,eu-south-4,cloud_run_251,qa,folder_8,project_12
2025-02-09,285,eu-east-5,cloud_run_35,uat,folder_6,project_10
2025-01-23,452,eu-east-5,cloud_run_116,dev,folder_5,project_18
2025-01-12,410,eu-west-3,cloud_run_181,dev,folder_2,project_6
2025-02-08,989,eu-east-5,cloud_run_69,prod,folder_4,project_27
2025-01-25,432,eu-south-4,cloud_run_238,qa,folder_7,project_3
2025-01-13,357,eu-east-5,cloud_run_87,qa,folder_6,project_38
2025-02-10,399,eu-east-5,cloud_run_153,prod,folder_9,project_25
2025-01-13,921,eu-west-3,cloud_run_29,dev,folder_1,project_11
2025-02-03,770,eu-east-5,cloud_run_254,qa,folder_4,project_31
2025-02-04,818,eu-south-4,cloud_run_88,uat,folder_8,project_8
2025-02-03,42,eu-south-4,cloud_run_50,uat,folder_8,project_29
2025-02-01,635,eu-west-3,cloud_run_221,qa,folder_4,project_29
2025-01-22,538,eu-west-3,cloud_run_20,uat,folder_9,project_26
2025-01-21,513,eu-south-4,cloud_run_236,dev,folder_6,project_1
2025-01-16,565,eu-south-4,cloud_run_242,dev,folder_8,project_23
2025-01-30,940,eu-east-5,cloud_run_34,qa,folder_2,project_8
2025-02-06,460,eu-west-3,cloud_run_187,sandbox,folder_7,project_15
2025-01-23,597,eu-south-4,cloud_run_192,qa,folder_4,project_19
2025-01-23,57,eu-south-4,cloud_run_95,sandbox,folder_2,project_22
2025-01-29,704,eu-south-4,cloud_run_36,dev,folder_9,project_1
2025-01-16,651,eu-west-3,cloud_run_90,uat,folder_3,project_9
2025-02-01,548,eu-east-5,cloud_run_43,qa,folder_8,project_13
2025-01-30,51,eu-west-3,cloud_run_40,sandbox,folder_3,project_33
2025-01-30,730,eu-south-4,cloud_run_58,uat,folder_5,project_15
2025-01-26,986,eu-south-4,cloud_run_51,sandbox,folder_3,project_2
2025-02-06,511,eu-west-3,cloud_run_105,sandbox,folder_1,project_37
2025-01-18,868,eu-south-4,cloud_run_132,prod,folder_8,project_16
2025-02-04,671,eu-east-5,cloud_run_239,qa,folder_7,project_35
2025-01-27,284,eu-south-4,cloud_run_128,dev,folder_2,project_24
2025-01-30,571,eu-east-5,cloud_run_105,uat,folder_1,project_22
2025-02-07,61,eu-west-3,cloud_run_21,uat,folder_3,project_24
2025-01-24,490,eu-east-5,cloud_run_196,prod,folder_8,project_38
2025-02-03,838,eu-south-4,cloud_run_38,uat,folder_9,project_28
2025-02-04,359,eu-east-5,cloud_run_66,uat,folder_6,project_10
2025-01-31,171,eu-east-5,cloud_run_59,qa,folder_1,project_28
